0,network + api + tensorflow + architecture + gan
1,create + computer_vision + lab + review + custom
2,train + time_series + speech + mnist + medium
3,cnn + feature + scale + evaluate + building
4,guide + machine_learning + explore + article + workflow
5,music + recommendation + interactive + visual + university
6,deep + collection + structure + publish_packt + pandas
7,set + automatic + robust + loss + module
8,statistical + automate + traffic + probability + reference
9,support + prediction + price + demo + dynamic
10,pipeline + ml + data + task + blog_post
11,lstm + language + search + language_model + state_art
12,tool + package + note + quantum + aw
13,estimation + single + performance + sequence + domain
14,function + apply + service + gpt_2 + azure
15,resource + analytic + anomaly_detection + talk + type
16,neural + user + twitter + 3d + neurip_2019
17,learn + paper + time + generation + evaluation
18,graph + processing + natural_language + bayesian + fast
19,net + reinforcement_learning + adaptive + portfolio + transfer
20,research + information + opencv + real_time + control
21,segmentation + regression + convolutional + human + sentiment_analysis
22,attention + predict + word + machine + dataset
23,end_end + sound + deep_learning + agent + matrix
24,training + app + platform + scratch + software
25,framework + simulation + file + video + programming
26,model + detect + face + image + track
27,news + adversarial + neural_network + classify + gradient
28,recognition + game + play + flow + gaussian_process
29,develop + single_cell + deep_reinforcement + google_colab + learning
0,network + api + tensorflow + architecture + gan + generative + generative_adversarial + convolutional_neural + variational_autoencoder + forecasting + julia + chatbot + image + interpretable + earth + deep_learning + design + classification + template + store
1,create + computer_vision + lab + review + custom + deploy + prediction + question + protein + demonstration + common + artificial_intelligence + post + interpret + deep_learning + lecture + easily + iot + explanation + machine_learning
2,train + time_series + speech + mnist + medium + website + computer + mapping + documentation + generate + trend + compute + transform + recurrent + concept + call + bias + serve + arxiv + descriptor
3,cnn + feature + scale + evaluate + building + identify + local + autoencoder + computing + location + style_transfer + energy + cross + facial + expression + recognize + vae + classification + extraction + future
4,guide + machine_learning + explore + article + workflow + estimate + practical + image_processing + pytorch + publish + drug + data + correction + operation + drive + ulmfit + scalable + bert + educational + apache_spark
5,music + recommendation + interactive + visual + university + statistic + study + modeling + plot + pretraine + text_classification + aware + state + visualization + description + context + multi + eda + analyze + wave
6,deep + collection + structure + publish_packt + pandas + filter + presentation + emotion + environment + quality + amazon + learn + trading + data + tool + uncertainty + pre_trained + analysis + student + toolbox
7,set + automatic + robust + loss + module + pytorch + reproduce + exploration + fun + run + sparse + color + scrape + caption + paper + developer + build + seq2seq_model + plate + car
8,statistical + automate + traffic + probability + reference + voice + computational + classification + quick + decision + update + cnns + strategy + process + augmentation + approximate + detector + usage + machine_learning + format
9,support + prediction + price + demo + dynamic + deep_learning + label + team + efficient + policy + snippet + tensorflow_2 + chapter + interface + amazon_sagemaker + physics + sensor + interaction + car + neural_network
10,pipeline + ml + data + task + blog_post + analysis + spatial + data_set + wrapper + dataset + build + disease + score + semantic + seismic + google + machine_learning + cover + deep_learning + main
11,lstm + language + search + language_model + state_art + generator + recommender + identification + pytorch + classifier + stock_market + build + transformer + movie + indian + random_forest + markov + rl + clean + focus
12,tool + package + note + quantum + aw + visualize + read + generate + temporal + data_visualization + semantic_segmentation + fundamental + series + gradient_descent + layer + colab + matplotlib + scientific + neural_network + library
13,estimation + single + performance + sequence + domain + optimize + pytorch + customer + ensemble + super_resolution + collect + camera + multiple + clustering + image + attribute + fault + tree + node + stage
14,function + apply + service + gpt_2 + azure + machine_learning + kernel + lstms + data_science + recipe + keras + step_step + simulate + health + brain_tumor + security + technical + hyperspectral + dog + notebooks
15,resource + analytic + anomaly_detection + talk + type + accompany + slide + summer + cell + market + localization + report + ai + unsupervised + mining + machine_learning + attentive + server + collaborative + awesome
16,neural + user + twitter + 3d + neurip_2019 + cloud + ibm + 2d + translation + denoise + image + access + prior + pytorch + check + client + complex + compare + rank + supervised
17,learn + paper + time + generation + evaluation + public + embedding + metric + knowledge + toolkit + beginner + scikit_learn + map + kera + summarization + development + finance + dataset + machine_learning + supervise
18,graph + processing + natural_language + bayesian + fast + representation + space + real + variational + similarity + optimal + analyse + stochastic + match + school + vector + tensor + inference + exploratory_data + privacy
19,net + reinforcement_learning + adaptive + portfolio + transfer + face_recognition + tensorflow_kera + detection + theory + learning + convert + method + transfer_learn + player + normalization + input + robot + output + engineer + experience
20,research + information + opencv + real_time + control + ai + linear + optimization + embed + group + math + economic + random + yolov3 + chart + robotic + detect + deep_learning + edition_publish + vision
21,segmentation + regression + convolutional + human + sentiment_analysis + recurrent_neural + network + image + numpy + audio + web + session + google + signal + u_net + flask + tensorflow_object + fusion + reconstruction + pytorch
22,attention + predict + word + machine + dataset + person + benchmark + weight + action + time_series + pattern + database + forecast + annotation + object + list + graph_neural + attack + share + short
23,end_end + sound + deep_learning + agent + matrix + nlp + behavior + product + youtube + spark + historical + explain + sql + road + patient + particle + option + icml_2019 + date + machine_learning
24,training + app + platform + scratch + software + series + online + text + build + activity + corpus + instance_segmentation + deep_learning + dataset + card + utility + frame + production + conference + tool
25,framework + simulation + file + video + programming + problem + solve + perform + change + medical + digital + pytorch + channel + instruction + machine_learning + book + communication + spring_2019 + emotion_recognition + art
26,model + detect + face + image + track + stock + financial + topic + extension + distribution + people + classification + day + machine_learning + document + detection + resnet + excel + panda + process
27,news + adversarial + neural_network + classify + gradient + power + blog + convolution + style + advanced + robustness + level + teach + shot + climate + integrate + bert + compression + experiment + step
28,recognition + game + play + flow + gaussian_process + comparison + target + download + rate + companion + autonomous + prediction + memory + kera + optical + multi_task + triplet_loss + probabilistic + method + car
29,develop + single_cell + deep_reinforcement + google_colab + learning + event + tweet + resolution + extract + fastai + book + classification + file + mobile + edition + stream + variable + wasserstein + scan + active
