0,interface + tensorflow + dynamic + cvpr_2020 + representation
1,tool + learn + dataset + train + custom
2,multi + set + multiple + real_time + domain
3,fast + platform + method + eccv_2020 + flask
4,build + django + generate + machine_learning + run
5,control + ai + toolkit + google + software
6,image + generation + service + object + template
7,library + api + client + search + wrapper
8,detection + create + game + web + discord
9,analysis + ansible + evaluation + send + toolbox
10,pytorch + information + classification + utility + scale
11,deep_learning + automate + optimization + sequence + experiment
12,3d + format + integrate + book + light
13,server + module + aw + custom_component + scan
14,download + add + fastapi + bert + automation
15,file + convert + home_assistant + action + object_detection
16,model + paper + training + track + reinforcement_learning
17,design + research + linux + recognition + estimation
18,discord_bot + visual + audio + detect + online
19,data + transformer + integration + feature + attack
20,lightweight + access + scrape + performance + oral
21,text + cloud + segmentation + function + guide
22,video + neural_network + neurip_2020 + json + language_model
23,task + manage + automatic + check + protocol
24,framework + plugin + device + generator + development
25,attention + telegram + music + backend + easily
26,collection + neural + engine + environment + website
27,network + deep + graph + bot + user
28,support + covid_19 + level + develop + content
29,package + language + automatically + processing + cli
0,interface + tensorflow + dynamic + cvpr_2020 + representation + inference + camera + raspberry_pi + space + scene + sensor + table + desktop + daily + record + edge + compute + watch + api_wrapper + domain_adaptation
1,tool + learn + dataset + train + custom + monitor + type + human + window + post + machine + twitter + nlp + series + pure + policy + microsoft + interaction + deployment + joint
2,multi + set + multiple + real_time + domain + channel + connect + parse + opencv + common + flow + analyze + chat + node + alignment + match + apply + similarity + movie + whatsapp
3,fast + platform + method + eccv_2020 + flask + list + sdk + ml + word + youtube + group + report + workflow + bot + binary + attention_network + ip + log + retrieval + body
4,build + django + generate + machine_learning + run + command + gui + update + dashboard + deploy + personal + app + real + core + process + modular + state + focus + ui + pygame
5,control + ai + toolkit + google + software + extension + structure + document + local + visualization + public + unsupervised + markdown + key + note + reference + editor + sync + brain + fetch
6,image + generation + service + object + template + shot + single + documentation + async + detector + conditional + signal + serve + baseline + reconstruction + interact + monitoring + student + box + font
7,library + api + client + search + wrapper + app + assistant + component + host + call + smart + aaai_2021 + integration_home + computer + modern + reverse + interact + streamlit + experimental + quick
8,detection + create + game + web + discord + database + telegram_bot + event + play + query + face + bot + summarization + sql + pattern + specification + universal + bitcoin + planning + corpus
9,analysis + ansible + evaluation + send + toolbox + net + demo + computer_vision + evaluate + product + input + path + creation + transform + anomaly_detection + functionality + yolov4 + cve_2020 + activity + identify
10,pytorch + information + classification + utility + scale + embed + community + drive + gan + hierarchical + programming + entity + jax + translation + specific + exchange + option + relation + future + blender_addon
11,deep_learning + automate + optimization + sequence + experiment + configuration + problem + store + solve + response + accept + backup + recognition + archive + range + name_entity + classifier + extend + exploration + hub
12,3d + format + integrate + book + light + minimal + convolutional_neural + annotation + azure + minecraft + animation + mesh + password + hand + vehicle + semi_supervised + strategy + icml_2020 + state_art + mapping
13,server + module + aw + custom_component + scan + http + remote + random + statistic + downloader + trading + helper + hack + collect + dependency + sentence + reddit + solver + graphql + dense
14,download + add + fastapi + bert + automation + graph_neural + rest_api + quantum + predict + virtual + publish + fork + enable + meta + scraper + programming_language + background + dialogue + lab + manipulate
15,file + convert + home_assistant + action + object_detection + management + read + interactive + view + upload + eccv2020 + authentication + localization + token + compatible + save + converter + hardware + distance + orient
16,model + paper + training + track + reinforcement_learning + link + metric + extract + learning + end_end + adaptive + supervise + quality + release + natural_language + loss + url + filter + emnlp_2020 + standard
17,design + research + linux + recognition + estimation + distribute + powerful + acl_2020 + asynchronous + voice + communication + v2 + vector + traffic + rl + stream + optimize + regression + continuous + resolution
18,discord_bot + visual + audio + detect + online + resource + apis + cnn + simulator + transfer + pdf + explore + question + html + color + comment + operator + robotic + synthetic + remove
19,data + transformer + integration + feature + attack + semantic + manager + aware + terminal + time_series + layer + medium + fusion + vision + coronavirus + asset + compare + sparse + generic + container
20,lightweight + access + scrape + performance + oral + perform + agent + tree + amazon + cvpr_2021 + stock + change + controller + reasoning + board + cvpr_2020 + cross_platform + multimodal + combine + simplify
21,text + cloud + segmentation + function + guide + knowledge + semantic_segmentation + adversarial + robust + instagram + question_answer + recommendation + inspire + depth + technique + uncertainty + transformation + completion + maco + property
22,video + neural_network + neurip_2020 + json + language_model + super_resolution + extraction + team + tracker + modeling + block + flexible + gradient + discovery + single_image + metadata + static + schema + unified + mobile
23,task + manage + automatic + check + protocol + instance + live + command_tool + distribution + knowledge_graph + advanced + enhance + art + gpu + serverless + asyncio + browser + private + tweet + pose
24,framework + plugin + device + generator + development + account + import + exploit + building + style + proxy + stack + parser + django_rest + driver + rank + setup + checker + connection + slack
25,attention + telegram + music + backend + easily + blender + visualize + message + generative + plot + motion + compression + profile + spotify + tracking + maintain + bot + weather + playlist + history
26,collection + neural + engine + environment + website + docker + display + share + memory + site + web_app + rule + shape + parameter + selenium + photo + request + infrastructure + registration + 2d
27,network + deep + graph + bot + user + prediction + efficient + power + cluster + kera + target + tensorflow_2 + energy + embedding + speech + generative_adversarial + convolution + developer + config + graph_convolutional
28,support + covid_19 + level + develop + content + auto + kubernete + chinese + label + email + people + digital + numpy + speed + chart + analytic + matching + output + data_science + name
29,package + language + automatically + processing + cli + time + security + simulation + robot + pipeline + map + architecture + benchmark + export + vulnerability + differentiable + deep_reinforcement + molecular + port + android
